{
    "confusion_matrix": [
        [
            9618,
            1704
        ],
        [
            1127,
            6201
        ]
    ],
    "accuracy": 0.8482037533512065,
    "classification_report": {
        "Legitimate": {
            "precision": 0.895114006514658,
            "recall": 0.8494965553789083,
            "f1-score": 0.8717088865727104,
            "support": 11322.0
        },
        "Phishing": {
            "precision": 0.7844402277039848,
            "recall": 0.8462063318777293,
            "f1-score": 0.8141534825707346,
            "support": 7328.0
        },
        "accuracy": 0.8482037533512065,
        "macro avg": {
            "precision": 0.8397771171093213,
            "recall": 0.8478514436283189,
            "f1-score": 0.8429311845717224,
            "support": 18650.0
        },
        "weighted avg": {
            "precision": 0.8516278161058315,
            "recall": 0.8482037533512065,
            "f1-score": 0.849094087616867,
            "support": 18650.0
        }
    }
}